rigid_cable_0,rigid_cable_1,rigid_cable_2,rigid_cable_3,rigid_cable_4,rigid_cable_5
0.7050391661902479,0.7029376028543362,0.7022862644693595,0.7048169780674224,0.7031998083536112,0.7012040940291955
0.633654062990625,0.7876914002113293,0.7582918828272596,0.6315661472021905,0.7130023519316628,0.6951584540365838
0.47740507131345494,1.1447121095393835,0.7452175736312738,0.4663125890160461,0.6470063270898685,0.7386348774968405
0.4726824629008059,1.150848130718613,0.7238002091141386,0.4656548330773542,0.6524035836645158,0.7539494280848392
0.472192225542115,1.149384339426265,0.7190826535010951,0.4651623777670278,0.6548672843611413,0.7586962647592648
0.4725913569818725,1.1437196105929928,0.7150658768021668,0.4635988149588775,0.6588125193973348,0.7656352106222043
0.47319334334676694,1.1359312942243813,0.7104925984465891,0.46127862481552184,0.6639076618751827,0.7746503814246303
