rigid_cable_0,rigid_cable_1,rigid_cable_2,rigid_cable_3,rigid_cable_4,rigid_cable_5
0.6242340447412125,0.4359084051846376,0.2870490048907717,0.4084171265749845,0.5426352947739788,0.6236845595284738
-1.5978929737641718,-0.5483338799008859,-3.072579135684914,4.648628164264488,4.024555305257209,-0.5320574997680528
-1.10347001391277,-0.5621746663277725,-4.456614465729972,3.542718286354342,5.942988007510548,-0.441110565268617
